Post-SPAC Ticker Symbol,Post-SPAC Company Name,Merged Company Name (if Different than DeSPAC),SPAC Name/Ticker,Completion Date,Post-Completion Events,Total Return (from SPAC IPO price),Annualized Return,Current Price,% Change Prev,Market Cap,Warrant Trading Status,Warrant Link,SPAC IPO Date,SPAC IPO Size (M),SPAC Initial Target Industry,Notable Leadership/Sponsor,SPAC Underwriters,Status,Closing Press Release,Merger Partner Leadership,Est. Date Warrants Exercisable,Other Tags,
BTRS,BTRS Holdings Inc.,Billtrust,South Mountain Merger Corp (SMMC),1/12/2021,,,,$16.75 ,,"$523,437,500 ",Warrants Trading,,6/19/2019,$250.00 ,Fintech,"Charles Bernicker (CEO, South Mountain Merger Corp & Former CFO, CardConnect)",Citigroup,Trading,,,2/11/2021,Serial SPAC Sponsors Closed in 2021,
CLOV,"Clover Health Investments, Corp.",,Social Capital Hedosophia Holdings Corp. III (IPOC),1/7/2021,,32.40%,43.96%,$13.24 ,-5.50%,"$1,899,608,967 ",Warrants Trading,,4/22/2020,$828.00 ,Tech, Non-US,"Chamath Palihapitiya (Managing Partner, Social Capital), Ian Osborne (Co-founder/CEO, Hedosophia),Credit Suisse",Trading,,,4/22/2021,Serial Sponsors, Healthcare Closed in 2021
LSEA,Landsea Homes Corporation,,LF Capital Acquisition Corp (LFAC),1/7/2021,,-4.50%,-1.75%,$9.55 ,1.92%,"$441,506,249 ",Warrants Trading,,6/20/2018,$155.30 ,"Fintech, Commercial Banking",,"B. Riley FBR, Raymond James",Trading,,,2/6/2021,Serial SPAC Sponsors Closed in 2021,
BMTX,"BM Technologies, Inc.","BankMobile Technologies, Inc.",Megalith Financial Acquisition Corp (MFAC),1/5/2021,,55.00%,,$15.50 ,5.01%,"$285,607,300 ",Warrants Trading,,8/23/2018,$150.00 ,"Fintech, Financial Services",Chad Hurley (Founder and Former CEO of YouTube),"Chardan, BTIG",Trading,,,2/4/2021,"Closed in 2020, Serial SPAC Sponsors, Sustainability, Energy",
CLNN,"Clene Nanomedicine, Inc.",,Tottenham Acquisition I (TOTA),12/30/2020,,-32.90%,,$6.71 ,-8.71%,"$23,189,760 ",Warrants Trading,,8/1/2018,$46.00 ,"Asia Ops (Focus on China), TMT (Technology, Media, Telecom), education, e-commerce, Health-care, Consumer",,"Chardan, I-Bankers",Trading,,,1/29/2021,"Closed in 2020,",
RMO,"Romeo Power, Inc.","Romeo Systems, Inc.",RMG Acquisition Corp (RMG),12/29/2020,,99.00%,,$19.90 ,-4.60%,"$572,124,989 ",Warrants Trading,,2/7/2019,$200.00 ,"Diversified Resources, Industrial Materials",,"Deutsche Bank, Stifel",Trading,,,1/28/2021,"Closed in 2020, Serial SPAC Sponsors, Sustainability, Energy",
DNMR,"Danimer Scientific, Inc.",,Live Oak Acquisition Corp. (LOAK),12/29/2020,,149.70%,,$24.97 ,9.71%,"$624,249,982 ",Warrants Trading,,5/6/2020,$200.00 ,"Financial Services, Industrials, Business Services, and Real Estate",,"Jefferies, BMO",Trading,,,5/6/2021,"Closed in 2020, Serial SPAC Sponsors",
GNOG,"Golden Nugget Online Gaming, Inc.",,"Landcadia Holdings II, Inc (LCA)",12/29/2020,,107.00%,,$20.70 ,1.12%,"$818,296,905 ",Warrants Trading,,5/7/2019,$316.30 ,"Consumer, Dining, Hospitality, Entertainment, Gaming, Tech","Tilman Fertitta (Houston Rockets owner, CEO of Landry's)",Jefferies,Trading,,,1/28/2021,"Closed in 2020, Serial SPAC Sponsors",
RSI,"Rush Street Interactive, Inc.",,dMY Technology Group Inc (DMYT),12/29/2020,,112.10%,,$21.21 ,4.53%,"$609,787,473 ",Warrants Trading,,2/21/2020,$230.00 ,"Mobile Apps, Consumer Internet, Tech",Harry You (Former CFO of Oracle and Accenture; Former Exec VP of EMC; Founder of GTY Tech Holdings),"Goldman Sachs, UBS",Trading,,,2/20/2021,"Closed in 2020, Serial SPAC Sponsors",
VINC,"Vincera Pharma, Inc.",,LifeSci Acquisition Corp (LSAC),12/23/2020,,103.50%,,$20.35 ,4.63%,"$284,574,405 ",Warrants Trading,,3/6/2020,$65.60 ,Healthcare,,Chardan,Trading,,,3/6/2021,"Closed in 2020, Serial SPAC Sponsors",
PRCH,"Porch Group, Inc.","Porch.com, Inc.",PropTech Acquisition Corp (PTAC),12/23/2020,,33.70%,,$13.37 ,0.45%,"$973,335,991 ",Warrants Trading,,11/21/2019,$172.50 ,PropTech,,Cantor,Trading,,,1/22/2021,"Closed in 2020, Serial SPAC Sponsors",
ARKO,ARKO Corp,"ARKO Holdings Ltd., GPM Investments, LLC",Haymaker Acquisition Corp. II (HYAC),12/22/2020,,-13.30%,,$8.67 ,-1.48%,"$21,102,130,206 ",Warrants Trading,,6/7/2019,$400.00 ,Consumer,"Steven Heyer (Former CEO of Starwood Hotels; Fmr COO, Coca-Cola Company)",Cantor,Trading,,,1/21/2021,"Closed in 2020, Serial SPAC Sponsors",
ASLE,AerSale Corporation,,Monocle Acquisition Corp (MNCL),12/22/2020,,60.00%,,$16.00 ,7.02%,"$656,736,000 ",Warrants Trading,,2/6/2019,$172.50 ,"Aerospace, Defense, Industrial",,"Cowen, Chardan",Trading,,,1/21/2021,"Closed in 2020,",
XL,XL Fleet Corp,,Pivotal Investment Corporation II (PIC),12/22/2020,,100.30%,,$20.03 ,-4.39%,"$2,603,837,996 ",Warrants Trading,,7/11/2019,$230.00 ,"Tech, LogTech, Last Mile Delivery, Cyber Security, Media, Entertainment","Jon Ledecky (co-owner, New York Islanders), Katrina Adams (Chairman, US Open and Former Pro Tennis Player), Efrat Epstein (Managing Partner of Sound Ventures)","Cantor, BTIG",Trading,,,1/21/2021,"Closed in 2020, Serial Sponsors, Sustainability, Energy",
GOEV,Canoo Holdings,,Hennessy Capital Acquisition Corp IV (HCAC),12/21/2020,,40.40%,,$14.04 ,-0.35%,"$3,308,603,211 ",Warrants Trading,,3/1/2019,$300.20 ,Industrials,Daniel Hennessy,"Nomura, Stifel",Trading,,,1/20/2021,"Closed in 2020, Serial SPAC Sponsors, Sustainability, Energy",
OPEN,Opendoor Technologies Inc.,Opendoor Labs Inc.,Social Capital Hedosophia Hldgs II Corp (IPOB),12/18/2020,,170.00%,,$27.00 ,5.47%,"$14,699,421,000 ",Warrants Trading,,4/28/2020,$414.00 ,"Tech, United States","Chamath Palihapitiya (Managing Partner, Social Capital), Ian Osborne (Co-founder/CEO, Hedosophia)",Credit Suisse,Trading,,,4/28/2021,"Closed in 2020, Serial SPAC Sponsors",
CLVR,"Clever Leaves Holdings, Inc.",,Schultze Special Purpose Acquisition Corp (SAMA),12/18/2020,,-4.00%,,$9.60 ,7.02%,"$112,723,204 ",Warrants Trading,,12/10/2018,$130.00 ,Restructured Companies,,"EarlyBirdCapital, BTIG",Trading,,,1/17/2021,"Closed in 2020,",
BFI,BurgerFi International,,Opes Acquisition Corp (OPES),12/17/2020,,35.50%,,$13.55 ,-3.90%,"$104,172,401 ",Warrants Trading,,3/13/2018,$100.00 ,Mexico,,"EarlyBirdCapital, Chardan",Trading,,,1/16/2021,"Closed in 2020, Serial SPAC Sponsors",
SKLZ,Skillz,,Flying Eagle Acquisition Corp (FEAC),12/16/2020,,122.50%,,$22.25 ,1.00%,"$8,227,994,375 ",Warrants Trading,,3/6/2020,$690.00 ,,"Jeff Sagansky, Harry Sloan (Former CEO of MGM)","Goldman Sachs, Deutsche Bank",Trading,,,3/6/2021,"Closed in 2020, Serial SPAC Sponsors",
RVPH,"Reviva Pharmaceuticals Holdings, Inc.",,Tenzing Acquisition Corp (TZAC),12/14/2020,,-8.70%,,$9.13 ,-0.94%,"$84,315,859 ",Warrants Trading,,8/20/2018,$55.00 ,India,,Maxim,Trading,,,1/13/2021,"Closed in 2020,",
DM,Desktop Metal Inc.,,Trine Acquisition Corp (TRNE),12/10/2020,,68.50%,,$16.85 ,3.18%,,Warrants Trading,,2/1/2019,$261.00 ,"Media, Communications",Leo Hindery (Managing Partner of InterMedia Partners; Former CEO of AT&T Broadband; Former CEO of TCI),"BTIG, Cantor",Trading,,,1/9/2021,"Closed in 2020,",
HTOO,Fusion Fuel Green PLC,,HL Acquisitions Corp (HCCH),12/10/2020,,60.50%,,$16.05 ,-0.93%,"$152,202,142 ",Warrants Trading,,7/2/2018,$55.00 ,"Energy, Hydrocarbon Logistics and Processing",,EarlyBirdCapital,Trading,,,1/9/2021,"Closed in 2020, Sustainability",
LAZR,"Luminar Technologies, Inc.",,"Gores Metropoulos, Inc (GMHI)",12/2/2020,,206.70%,,$30.67 ,2.06%,"$9,935,123,278 ",Warrants Trading,,2/1/2019,$400.00 ,Consumer Products and Services,Alec Gores (Founder of The Gores Group),"Deutsche Bank, Credit Suisse",Trading,,Austin Russell,1/1/2021,"Closed in 2020, Serial SPAC Sponsors",
QS,QuantumScape,,Kensington Acquisition Corp (KCAC),11/27/2020,,530.30%,,$63.03 ,5.93%,"$22,940,417,264 ",Warrants Trading,,6/26/2020,$230.00 ,Automotive,"Justin Mirro (Former Chairman, Pure Power), Thomas LaSorda (Former CEO, Chrysler), Matthew Simoncini (Former CEO, Lear)","UBS, Stifel",Trading,,Jagdeep Singh,6/26/2021,"Closed in 2020, Sustainability, Energy, Singh is King",
ID,"PARTS iD, Inc.",Onyx Enterprises Int’l Corp. (d/b/a CARiD.com),Legacy Acquisition Corp (LGC),11/20/2020,,-32.10%,,$6.79 ,-0.15%,"$260,816,100 ",,,11/17/2017,$300.00 ,Consumer Goods,,"Wells Fargo Securities, Cantor & Co., Stifel",Trading,,,,"Closed in 2020,",
UK,Ucommune International Ltd,,Orisun Acquisition Corp (ORSN),11/18/2020,,-43.70%,,$5.63 ,1.62%,"$399,724,378 ",Warrants Trading,,8/2/2019,$40.00 ,Tech,,Chardan,Trading,,,12/18/2020,"Closed in 2020,",
MP,MP Materials Corp.,,Fortress Value Acquisition Corp (FVAC),11/17/2020,,194.90%,,$29.49 ,0.61%,"$4,598,098,458 ",Warrants Trading,,4/30/2020,$345.00 ,,Fortress,"Deutsche Bank, Morgan Stanley",Trading,,,4/30/2021,"Closed in 2020, Serial SPAC Sponsors",
GCMG,GCM Grosvenor Inc.,,CF Finance Acquisition Corp (CFFA),11/17/2020,,29.00%,,$12.90 ,2.22%,"$2,375,534,929 ",Warrants Trading,,12/13/2018,$250.00 ,"Finance, Real Estate, Insurance, Fintech","Howard Lutnick (CEO, Cantor)",Cantor,Trading,,,12/17/2020,"Closed in 2020, Serial SPAC Sponsors",
EOSE,"Eos Energy Enterprises, Inc.","Eos Energy Storage, LLC",B Riley Principal Merger II Corp (BMRG),11/16/2020,,131.30%,,$23.13 ,0.17%,"$1,152,187,369 ",Warrants Trading,,5/20/2020,$176.80 ,,B. Riley Financial,B. Riley FBR,Trading,,,5/20/2021,"Closed in 2020, Serial SPAC Sponsors, Sustainability, Energy",
TRIT,"Triterras, Inc.",Triterras Fintech Pte. Ltd.,Netfin Acquisition Corp (NFIN),11/10/2020,,12.80%,,$11.28 ,3.11%,"$938,449,278 ",Warrants Trading,,7/31/2019,$253.00 ,Fintech,,B. Riley FBR,Trading,,,12/10/2020,"Closed in 2020,",
ATNF,180 Life Sciences Corp.,,KBL Merger Corp IV (KBLM),11/9/2020,,-74.70%,,$2.53 ,-5.95%,"$45,620,959 ",Warrants Trading,,6/1/2017,$100.00 ,Healthcare,,"Ladenburg Thalmann, B. Riley FBR",Trading,,,12/9/2020,"Closed in 2020, Serial SPAC Sponsors",
TLMD,"SOC Telemed, Inc.",,Healthcare Merger Corp. (HCCO),10/30/2020,,-25.80%,,$7.42 ,1.37%,"$569,662,047 ",Warrants Trading,,12/12/2019,$250.00 ,Healthcare,,Cantor,Trading,,,12/11/2020,"Closed in 2020,",
FSR,Fisker Inc.,,Spartan Energy Acquisition Corp (SPAQ),10/28/2020,,52.50%,,$15.25 ,-0.97%,"$4,228,186,025 ",Warrants Trading,,8/9/2018,$552.00 ,Energy,"Apollo Global Management, Inc.","Citigroup, Credit Suisse",Trading,,Henry Fisker,11/27/2020,"Closed in 2020, Serial SPAC Sponsors, Sustainability",
ADV,Advantage Solutions Inc,,Conyers Park II Acquisition Corp. (CPAA),10/28/2020,,30.50%,,$13.05 ,-0.99%,"$4,155,447,615 ",Warrants Trading,,7/17/2019,$402.50 ,Consumer,"Centerview Capital, James Kilts (Partner, Centerview Capital Consumer; Former CEO of Gillette; Former CEO of Nabisco; Former Pres. of Kraft USA)","Deutsche Bank, Goldman Sachs",Trading,,,11/27/2020,"Closed in 2020, Serial SPAC Sponsors",
CERE,Cerevel Therapeutics,,ARYA Sciences Acquisition Corp II (ARYB),10/26/2020,,58.50%,,$15.85 ,1.15%,"$2,014,913,863 ",Warrants Trading,,6/5/2020,$149.50 ,Healthcare,Perceptive Advisors,"Jefferies, Goldman Sachs",Trading,,,6/5/2021,"Closed in 2020, Serial SPAC Sponsors",
RIDE,Lordstown Motors Corp.,,DiamondPeak Holdings Corp. (DPHC),10/23/2020,,115.80%,,$21.58 ,5.01%,"$3,559,597,249 ",Warrants Trading,,2/28/2019,$250.00 ,Real Estate,,Deutsche Bank,Trading,,Steve Burns,11/22/2020,"Closed in 2020, Sustainability",
PAYA,Paya Holdings Inc.,,FinTech Acquisition Corp III (FTAC),10/16/2020,,27.90%,,$12.79 ,-1.62%,"$1,492,559,741 ",Warrants Trading,,11/16/2018,$345.00 ,Fintech,"Betsy Cohen (Founder/Fmr CEO Bancorp), Daniel Cohen",Cantor,Trading,,,11/15/2020,"Closed in 2020, Serial SPAC Sponsors",
TTCF,"Tattooed Chef, Inc",Ittella International,Forum Merger II Corporation (FMCI),10/15/2020,,134.50%,,$23.45 ,-0.64%,"$1,527,038,020 ",Warrants Trading,,8/3/2018,$200.00 ,,Marshall Kiev and David Boris (Forum I & II),"Jefferies, EarlyBirdCapital",Trading,,,11/14/2020,"Closed in 2020, Serial SPAC Sponsors",
CURI,CuriosityStream Inc.,,Software Acquisition Group Inc (SAQN),10/14/2020,,57.20%,,$15.72 ,-6.09%,"$631,862,581 ",Warrants Trading,,11/19/2019,$149.50 ,"Software, Tech",,B. Riley FBR,Trading,,,11/18/2020,"Closed in 2020, Serial SPAC Sponsors",
SFT,Shift Technologies,,Insurance Acquisition Corp. (INSU),10/13/2020,,-20.70%,,$7.93 ,-1.49%,"$664,946,662 ",Warrants Trading,,3/20/2019,$150.65 ,Insurance,Cohen & Company,Cantor,Trading,,,11/12/2020,"Closed in 2020, Serial SPAC Sponsors",
MPLN,MultiPlan Corporation,,Churchill Capital III Corp (CCXX),10/8/2020,,-23.10%,,$7.69 ,-2.16%,"$5,132,777,435 ",Warrants Trading,,2/14/2020,"$1,100.00 ",,Michael Klein (Former Co-CEO of Citi Markets and Banking),"Citigroup, Goldman Sachs",Trading,,,2/13/2021,"Closed in 2020, Serial SPAC Sponsors",
HYLN,Hyliion,,Tortoise Acquisition Corp (SHLL),10/1/2020,,62.10%,,$16.21 ,2.99%,"$2,494,748,037 ",,,2/27/2019,$233.00 ,Energy,Vincent T. Cubbage (Tortoise Capital Advisors),"Barclays, Goldman Sachs",Trading,,Thomas Healy,,"Closed in 2020, Serial SPAC Sponsors, Sustainability",
EQOS,Diginex Limited,,8I Enterprises Acquisition Corp (JFK),10/1/2020,,53.40%,,$15.34 ,1.72%,"$486,523,444 ",Warrants Trading,,6/12/2018,$50.00 ,Tech,,Chardan,Trading,,,10/31/2020,"Closed in 2020,",
VLDR,"Velodyne Lidar, Inc",,Graf Industrial Corp (GRAF),9/29/2020,,126.90%,,$22.69 ,0.09%,"$3,828,098,060 ",Warrants Trading,,6/12/2018,$243.77 ,Industrial,James Graf,"EarlyBirdCapital, Oppenheimer",Trading,,,10/29/2020,"Closed in 2020, Serial SPAC Sponsors",
GB,Global Blue Group,,Far Point Acquisition Corp (FPAC),8/28/2020,,31.20%,,$13.12 ,0.31%,"$2,201,860,044 ",Warrants Trading,,6/12/2018,$632.50 ,"Fintech, Tech, Financial Services","Dan Loeb (Founder, Third Point), Thomas W. Farley (Ex-Intercontinental Exchange)","Credit Suisse, BofA Merrill Lynch",Trading,,,9/27/2020,"Closed in 2020,",
UTZ,"Utz Brands, Inc","Utz Quality Foods, LLC",Collier Creek Holdings (CCH),8/28/2020,,115.70%,,$21.57 ,0.51%,"$1,280,636,334 ",Warrants Trading,,10/5/2018,$440.00 ,Consumer Goods,Chinh Chu (Former Managing Director at Blackstone),"Citigroup, Credit Suisse, BofA Merrill Lynch",Trading,,,9/27/2020,"Closed in 2020, Serial SPAC Sponsors",
HPK,"HighPeak Energy, Inc.",,Pure Acquisition Corp (PACQ),8/24/2020,,85.00%,,$18.50 ,8.82%,"$1,695,615,280 ",Warrants Trading,,2/12/2018,$414.00 ,"Oil and Gas, Energy",,"Oppenheimer, EarlyBirdCapital",Trading,,,9/23/2020,"Closed in 2020, Energy",
DMS,"Digital Media Solutions, Inc.",,Leo Holdings Corp. (LHC),7/15/2020,,16.50%,,$11.65 ,1.75%,"$680,267,243 ",Warrants Trading,,2/12/2018,$200.00 ,,"Lyndon Lea (Founder, Lion Capital), Robert Bensoussan (Former CEO, Jimmy Choo), Lori Bush (Former CEO, Rodan + Fields)",Citigroup,Trading,,,8/14/2020,"Closed in 2020,",
IMTX,Immatics N.V.,Immatics Biotechnologies GmbH,ARYA Sciences Acquisition Corp (ARYA),7/1/2020,,8.00%,,$10.80 ,-1.55%,"$718,225,500 ",Warrants Trading,,10/4/2018,$143.75 ,Healthcare,Perceptive Advisors,"Jefferies, Chardan",Trading,,,7/31/2020,"Closed in 2020, Serial SPAC Sponsors",
HOFV,Hall of Fame Resort & Entertainment Company,,Gordon Pointe Acquisition Corp. (GPAQ),7/1/2020,,-85.60%,,$1.44 ,-5.88%,"$76,719,588 ",Warrants Trading,,1/25/2018,$125.00 ,FinTech,James Dolan,B. Riley FBR,Trading,,,7/31/2020,"Closed in 2020,",
FREE,Whole Earth Brands Inc,"Merisant Company, MAFCO Worldwide (Subsidiaries of Flavors Holdings Inc.)",Act II Global Acquisition Corp (ACTT),6/25/2020,,9.50%,,$10.95 ,3.30%,"$420,771,919 ",Warrants Trading,,4/25/2019,$300.00 ,"Consumer packaged goods, Hospitality, Restaurants, Health and Wellness","Irwin Simon (Founder, Hain Celestial Group; Former Chairman, Aphria Inc)","JP Morgan, Cantor Fitzgerald",Trading,,,7/25/2020,"Closed in 2020, Serial SPAC Sponsors",
LGHL,Lion Group Holding Ltd,Lion Financial Group,Proficient Alpha Acquisition Corp (PAAC),6/18/2020,,-79.80%,,$2.02 ,1.00%,"$36,526,669 ",Warrants Trading,,5/29/2019,$115.00 ,"China, Financial Services",,"I-Bankers, EarlyBirdCapital",Trading,,,7/18/2020,"Closed in 2020,",
LPRO,Open Lending Corp.,,Nebula Acquisition Corporation (NEBU),6/10/2020,,247.20%,,$34.72 ,1.79%,"$4,451,038,188 ",,,1/9/2018,$250.00 ,Tech,True Wind Capital,"Deutsche Bank, Goldman Sachs",Trading,,,,"Closed in 2020, Serial SPAC Sponsors",
NKLA,Nikola Corporation,,VectoIQ Acquisition Corp (VTIQ),6/3/2020,,62.00%,,$16.20 ,1.06%,"$6,222,225,893 ",,,5/15/2018,$230.00 ,,"Stephen Girsky (CEO VectoIQ; Former Vice Chairman, General Motors)","Cowen, Chardan",Trading,,Trevor Milton (Chairman upon Merger),,"Closed in 2020, Sustainability",
HYMC,Hycroft Mining Holding Corporation,,Mudrick Capital Acquisition Corporation (MUDS),5/29/2020,,-17.60%,,$8.24 ,3.52%,"$492,286,179 ",Warrants Trading,,2/7/2018,$200.00 ,Post-Restructured companies,,Cantor,Trading,,,6/28/2020,"Closed in 2020, Serial SPAC Sponsors",
SJ,Scienjoy Holding Corp,,Wealthbridge Acquisition Limited (HHHH),5/7/2020,,-13.30%,,$8.67 ,4.15%,"$234,289,115 ",,,2/6/2019,$50.00 ,"Air Transportation, China",,Chardan,Trading,,,,"Closed in 2020,",
DKNG,DraftKings Inc,,Diamond Eagle Acquisition Corp (DEAC),4/23/2020,,390.00%,,$49.00 ,2.97%,"$19,192,012,313 ",,,5/10/2019,$400.00 ,"Online Casino, Sports Betting","Jeff Sagansky, Harry Sloan (Former CEO of MGM)","Deutsche Bank, Goldman Sachs",Trading,,Jason Robbins,,"Closed in 2020, Serial SPAC Sponsors",
AVCT,American Virtual Cloud Technologies,"Stratos Management Systems, Inc.",Pensare Acquisition Corp. (WRLS),4/17/2020,,-25.60%,,$7.44 ,-4.98%,"$146,962,321 ",Warrants Trading,,7/27/2017,$310.50 ,Telecom,,EarlyBirdCapital,Trading,,,5/17/2020,"Closed in 2020,",
IGIC,International General Insuranc Hldgs Ltd,International General Insurance Holdings Ltd,Tiberius Acquisition Corporation (TIBR),3/17/2020,,-21.00%,,$7.90 ,-0.13%,"$382,731,304 ",Warrants Trading,,3/15/2018,$150.00 ,,,"Cantor, Dowling and Partners",Trading,,,4/16/2020,"Closed in 2020,",
BWMX,Betterware De Mexico,,DD3 Acquisition Corp. (DDMX),3/13/2020,,239.90%,,$33.99 ,0.77%,"$1,170,989,547 ",,,10/11/2018,$50.00 ,Mexico,,EarlyBirdCapital,Trading,,,,"Closed in 2020,",
GDYN,"Grid Dynamics Holdings, Inc",,ChaSerg Technology Acquisition Corp. (CTAC),3/5/2020,,22.50%,,$12.25 ,0.25%,"$623,032,060 ",Warrants Trading,,10/4/2018,$200.00 ,Tech,,Cantor,Trading,,,4/4/2020,"Closed in 2020,",
METX,Meten EdtechX Education Group,Meten Education,EdTechx Holdings Acquisition Corp (EDTX),3/30/2020,,-82.60%,,$1.74 ,-4.40%,"$92,729,820 ",Warrants Trading,,10/5/2018,$55.00 ,EdTech,,"Chardan, I-Bankers",Trading,,,4/29/2020,"Closed in 2020, Serial SPAC Sponsors",
ATCX,Atlas Technical Consultants,Atlas Intermediate Holdings,Boxwood Merger Corp (BWMC),2/14/2020,,-20.90%,,$7.91 ,8.21%,"$278,053,896 ",,,11/15/2018,$200.00 ,"Technical Services, Industrial Services","Stephen Kadenacyhas (Former COO, AECOM)","BofA Merrill Lynch, Morgan Stanley, Macquarie Capital",Trading,,,,"Closed in 2020,",
ALTG,Alta Equipment Group Inc,,B. Riley Principal Merger Corp (BRPM),2/14/2020,,4.60%,,$10.46 ,8.17%,"$313,993,511 ",Warrants Trading,,4/9/2019,$143.80 ,,Kenneth Young (President of B. Riley Financial),B. Riley FBR,Trading,,,4/8/2020,"Closed in 2020, Serial SPAC Sponsors",
GSMG,Glory Star New Media Group,,TKK Symphony Acquisition Corporation (TKKS),2/15/2020,,-73.80%,,$2.62 ,-1.87%,"$147,257,093 ",Warrants Trading,,8/16/2018,$220.00 ,"Consumer Products, China",,EarlyBirdCapital,Trading,,,3/16/2020,"Closed in 2020,",
PAE,PAE Inc,PAE (Platinum Equity Portfolio Company),Gores Holdings III (GRSH),2/10/2020,,-6.50%,,$9.35 ,5.53%,"$860,580,112 ",Warrants Trading,,9/6/2018,$375.00 ,,Gores Group,Deutsche Bank,Trading,,,3/11/2020,"Closed in 2020, Serial SPAC Sponsors",
VRT,Vertiv Holdings Co,Veritiv Holdings (Platinum Equity Portfolio Company),GS Acquisition Holdings Corp (GSAH),2/10/2020,,82.50%,,$18.25 ,0.61%,"$5,993,529,950 ",Warrants Trading,,6/8/2018,$600.00 ,,"Goldman Sachs, David Cote (Former CEO, Honeywell)",Goldman Sachs,Trading,,,3/11/2020,"Closed in 2020, Serial SPAC Sponsors",
VVNT,Vivint Smart Home,,Mosaic Acquisition Corp. (MOSC),1/17/2020,,108.90%,,$20.89 ,6.42%,"$4,146,038,178 ",Warrants Trading,,10/29/2017,$345.00 ,,Fortress,"Deutsche Bank, RBC Capital Markets, JP Morgan",Trading,,,2/16/2020,"Closed in 2020, Serial SPAC Sponsors",
KLDI,KLDiscovery Inc,,Pivotal Acquisition Corp. (PVT),12/20/2019,,-19.50%,-18.54%,$8.05 ,0.00%,"$342,358,600 ",Warrants Trading,,12/26/2018,$200.00 ,"LogTech, Cyber Security","Jon Ledecky (co-owner, New York Islanders), Katrina Adams (Chairman, US Open and Former Pro Tennis Player), Efrat Epstein (Managing Partner of Sound Ventures)",Cantor,Trading,,,1/19/2020,", Serial SPAC Sponsors",
BROG,Brooge Holdings Limited,Brooge Holdings and Brooge Petroleum and Gas Investment Company,Twelve Seas Investment Corp. (TWLV),12/20/2019,,7.80%,7.41%,$10.78 ,-2.44%,"$1,181,358,610 ",Warrants Trading,,6/20/2018,$180.00 ,Pan-Eurasia,,EarlyBirdCapital,Trading,,,1/19/2020,",",
IMVT,Immunovant Inc.,Immunovant Sciences Ltd.,Health Sciences Acquisition (HSAC),12/19/2019,,361.40%,342.63%,$46.14 ,1.54%,"$4,516,690,680 ",,,5/9/2019,$100.00 ,"Biopharma, MedTech, Healthcare",RTW Investments,"Chardan, UBS",Trading,,,,", Serial SPAC Sponsors",
NFH,New Frontier Health,United Family Healthcare,New Frontier Corporation (NFC),12/19/2019,,-12.10%,-11.47%,$8.79 ,-0.57%,"$1,257,580,020 ",Warrants Trading,,6/28/2018,$250.00 ,"Healthcare, Tech, Education",,"Credit Suisse, UBS",Trading,,,1/18/2020,",",
KLR,"Kaleyra, Inc.",,"Gig Capital, Inc (GIG)",11/25/2019,,-8.40%,-7.50%,$9.16 ,-2.76%,"$268,626,155 ",Warrants Trading,,12/8/2017,$125.00 ,"Tech, Media, Telecom",Avi Katz (Tech entrepreneur),Cowen & Company,Trading,,,12/25/2019,", Serial SPAC Sponsors",
ACEL,Accel Entertainment Inc,,TPG Pace Holdings Corp (TPGH),11/20/2019,,4.00%,3.53%,$10.40 ,5.37%,"$970,119,660 ",,,6/27/2017,$450.00 ,,"TPG, Karl Peterson (Hotwire Founder)","Deutsche Bank, Goldman Sachs, JP Morgan",Trading,,,,", Serial SPAC Sponsors",
BRMK,Broadmark Realty Capital Inc.,,Trinity Merger Corp. (TMCX),11/14/2019,,0.60%,0.52%,$10.06 ,1.00%,"$1,330,297,233 ",Warrants Trading,,5/14/2018,$300.00 ,Real Estate,Trinity Investments,B. Riley FBR,Trading,,,12/14/2019,",",
AHCO,AdaptHealth,,DFB Healthcare Acquisitions (DFBH),11/8/2019,,282.50%,242.05%,$38.25 ,12.87%,"$3,433,420,980 ",,,2/16/2018,$250.00 ,Healthcare,Deerfield,"Goldman Sachs, Deutsche Bank",Trading,,,,", Serial SPAC Sponsors",
PHGE,BiomX,,Chardan Healthcare Acquisition (CHAC),10/28/2019,,-34.30%,-28.65%,$6.57 ,2.18%,"$140,000,000 ",Warrants Trading,,12/13/2018,$70.00 ,Healthcare,Chardan,Chardan,Trading,,,12/13/2019,", Serial SPAC Sponsors",
SPCE,Virgin Galactic Holdings Inc,,Social Capital Hedosophia (IPOA),10/25/2019,,141.70%,117.55%,$24.17 ,0.25%,"$5,664,055,825 ",,,9/14/2017,$690.00 ,Tech,"Chamath Palihapitiya (Managing Partner, Social Capital)",Credit Suisse,Trading,,Sir Richard Branson,,", Serial SPAC Sponsors",
SONG,Akazoo S.A.,,Modern Media Acquisition Corp. (MMDM),9/11/2019,Delisted (May 2020 -- Fraud),-100.00%,,,,,,,5/11/2017,$207.00 ,,Macquaire Capital,"Macquarie, EarlyBirdCapital",Non-Trading,,,,",",
DMTK,DermTech Inc,,Constellation Alpha Capital Corp (CNAC),8/30/2019,,245.90%,180.95%,$34.59 ,8.20%,"$677,801,429 ",Warrants Trading,,6/19/2017,$143.75 ,"Healthcare, India","Rajiv Shukla (CEO, Alpha Healthcare Acq Corp)","Cowen, I-Bankers",Trading,,,9/29/2019,", Serial SPAC Sponsors",
AESE,Allied Esports Entertainment,"Allied Esports International, Inc.",Black Ridge Acquisition Corp. (BRAC),8/9/2019,,-85.50%,-60.36%,$1.45 ,-3.97%,"$50,910,951 ",Warrants Trading,,10/4/2017,$120.00 ,Energy,Black Ridge Oil & Gas,EarlyBirdCapital,Trading,,,9/8/2019,",",
RPAY,Repay Holdings Corporation,,"Thunder Bridge Acquisition, Ltd. (TBRG)",7/11/2019,,165.00%,110.30%,$26.50 ,0.68%,"$2,167,694,965 ",,,6/19/2018,$225.00 ,FinTech,"Peter Kight, Founder CheckFree (acquired by FiServ), Board Member of Bill.com","Cantor, CITIC",Trading,,,,", Serial SPAC Sponsors",
KERN,Akerna,,MTech Acquisition (MTEC),6/17/2019,,-58.20%,-37.27%,$4.18 ,20.61%,"$82,385,908 ",Warrants Trading,,1/29/2018,$57.50 ,Cannabis,,"EarlyBirdCapital, I-Bankers",Trading,,,7/17/2019,",",
XYNO,"Xynomic Pharmaceuticals Holdings, Inc.",,Bison Capital Acquisition Corp. (BCAC),5/15/2019,Delisted (July 2019),-79.90%,-48.36%,$2.01 ,0.00%,"$93,010,739 ",,,6/19/2017,$52.50 ,,,"EarlyBirdCapital, Chardan",Trading (OTC),,,,",",
CCC,Clarivate Analytics Plc,,Churchill Capital I (CCC),5/13/2019,,205.20%,123.80%,$30.52 ,0.07%,"$18,493,807,917 ",,,9/6/2018,$690.00 ,,"Michael Klein (Former Co-CEO of Citi Markets and Banking), Jerre Stead (Former IHS CEO)","Citigroup, B. Riley FBR",Trading,,,,", Serial SPAC Sponsors",
KXIN,Kaixin Auto Holdings,,CM Seven Star Acquisition Corporation (CMSS),5/1/2019,,-60.80%,-35.97%,$3.92 ,-1.75%,"$255,317,444 ",Warrants Trading,,10/25/2017,$180.00 ,,,"EarlyBirdCapital, I-Bankers",Trading,,,5/31/2019,",",
HUNTF,Hunter Maritime Acquisition Corp,NCF Wealth Holdings Limited,Hunter Maritime Acquisition Corp (HUNT),3/21/2019,Delisted (April 2019),-90.50%,-50.20%,$0.95 ,109.53%,,,,11/18/2016,$150.00 ,Drybulk Shipping,Belgium's Saverys Family (CMB),"Morgan Stanley, I-Bankers",Trading (OTC),,,,",",
OSW,OneSpaWorld,,Haymaker Acquisition I (HYAC),3/19/2019,,-0.60%,-0.33%,$9.94 ,3.43%,"$673,759,512 ",Warrants Trading,,10/24/2017,$300.00 ,,Steven Heyer (Former CEO of Starwood Hotels),"Cantor, I-Bankers",Trading,,,4/18/2019,", Serial SPAC Sponsors",
TH,Target Hospitality Corp,"Target Logistics Management, RL Signor Holdings",Platinum Eagle Acquisition Corp (EAGL),3/15/2019,,-82.80%,-45.52%,$1.72 ,2.99%,"$174,013,778 ",,,1/11/2018,$300.00 ,"Media, Entertainment","Jeff Sagansky, Harry Sloan (Former CEO of MGM)","Deutsche Bank, BofA Merrill Lynch",Trading,,,,", Serial SPAC Sponsors",
BIOX,Bioceres Crop Solutions Corp,"Bioceres, Inc",Union Acquisition Corp (LTN),3/4/2019,,-38.00%,-20.55%,$6.20 ,0.00%,"$250,169,992 ",,,2/28/2018,$200.00 ,Latin America,,"Ladenburg Thalmann, Brookline",Trading,,,,",",
PECK,The Peck Company Inc,Peck Electric Co,Jensyn Acquisiton Corp (JSYN),6/20/2019,,9.40%,6.05%,$10.94 ,4.59%,"$58,124,217 ",Warrants Trading,,3/2/2016,$39.00 ,Information Technology,,Chardan,Trading,,,7/20/2019,",",
GTYH,GTY Technology Holdings Inc,"Bonfire, CityBase, eCivis, Open Counter, Questica",GTY Technology Holdings Inc (GTYH),2/19/2019,,-46.50%,-24.67%,$5.35 ,4.09%,"$297,199,021 ",Warrants Trading,,10/26/2016,$552.00 ,Tech,"Harry You, Joe Tucci (Former CEO, EMC)","Citigroup, I-Bankers",Trading,,,3/21/2019,", Serial SPAC Sponsors",
AGLY,Agiliti Inc,,Federal Street Acquisition Corp (FSAC),1/4/2019,,-42.50%,-21.13%,$5.75 ,-32.35%,,,,7/18/2017,$460.00 ,Healthcare,Thomas H. Lee Partners,"Citigroup, BofA Securities",Trading,,,,",",
PACK,Ranpak Holdings Corp,,One Madison Corp. (OMAD),12/13/2018,,51.80%,25.01%,$15.18 ,6.38%,"$1,146,246,377 ",,,1/17/2018,$300.00 ,Consumer,,"Credit Suisse, BofA Securities",Trading,,,,",",
WTRH,Waitr Holdings Inc,,Landcadia Holdings Inc (LCA),11/15/2018,,-68.40%,-31.84%,$3.16 ,0.64%,"$350,753,373 ",,,5/25/2016,$250.00 ,,"Tilman Fertitta (Houston Rockets owner, CEO of Landry's)","Jefferies, Deutsche Bank",Trading,,,,", Serial SPAC Sponsors",
NRCG,NRC Group Holdings Corp,,Hennessy Capital Acquisition Corp III (HCAC),10/17/2018,Merged with US Ecology (Nov 2019),,,,,,,,6/22/2017,$225.00 ,Industrial Manufacturer,Daniel Hennessy,"Credit Suisse, Stifel",Non-Trading,,,,", Serial SPAC Sponsors",
VRRM,Verra Mobility Corp,,Gores Holdings II Inc (GSHT),10/17/2018,,29.00%,13.02%,$12.90 ,1.82%,"$2,093,268,748 ",Warrants Trading,,1/12/2017,$400.00 ,,Gores Group,Deutsche Bank,Trading,,,11/16/2018,", Serial SPAC Sponsors",
FLMN,Falcon Minerals Corporation,Royal Resources L.P. (Assets),Osprey Energy Acquisition Corp (OSPR),8/24/2018,,-66.40%,-27.95%,$3.36 ,0.30%,"$289,276,402 ",Warrants Trading,,7/20/2017,$275.00 ,Energy,,"Credit Suisse, I-Bankers",Trading,,,9/23/2018,",",
MGY,Magnolia Oil & Gas Corporation,"EnerVest, Ltd.’s South Texas Division",TPG Pace Energy Holdings Corp (TPGE),7/31/2018,,-16.40%,-6.72%,$8.36 ,5.16%,"$2,100,788,493 ",,,5/14/2017,$650.00 ,,TPG,"Deutsche Bank, Goldman Sachs, Citigroup, Credit Suisse",Trading,,,,", Serial SPAC Sponsors",
IMXI,International Money Express Inc,Intermex Holdings II,FinTech Acquisition Corp II (FNTE),7/26/2018,,61.10%,24.89%,$16.11 ,2.74%,"$613,356,053 ",,,1/19/2017,$175.00 ,FinTech,"Betsy Cohen (Founder/Fmr CEO Bancorp), Daniel Cohen","Cantor, Northland",Trading,,,,", Serial SPAC Sponsors",
LAZY,Lazydays Holdings Inc,Lazydays R.V. Center,Andina Acquisition Corp II (ANDA),3/15/2018,,74.00%,26.25%,$17.40 ,7.54%,"$166,920,841 ",Warrants Trading,,12/1/2015,$40.60 ,Latin America,Julio Torres,EarlyBirdCapital,Trading,,,4/14/2018,", Serial SPAC Sponsors",
CVON,ConvergeOne Holdings Inc,,Forum Merger Corporation (FMCI),2/23/2018,Acquired by CVC Fund VII (Nov 2018 - $1.8B),,,,,,,,4/6/2017,$151.50 ,,,EarlyBirdCapital,Non-Trading,,,,", Serial SPAC Sponsors",
AMR,Alta Mesa Resources Inc,"Alta Mesa Holdings, LP and Kingfisher Midstream, LLC",Silver Run Acquisition Corp II (SRUN),2/9/2018,"Filed for Bankruptcy (Sep 2019),sold by creditors in 4/2020",,,,,,,,5/23/2017,"$1,035.00 ",Energy,,"Citigroup, Credit Suisse, Deutsche Bank, Goldman Sachs",Non-Trading,,,,",",
PRPL,"Purple Innovation, Inc.",,Global Partner Acquisition Corp. (GPAC),2/2/2018,,252.70%,86.20%,$35.27 ,4.55%,,Warrants Trading,,7/29/2015,$155.25 ,,,Deutsche Bank,Trading,,,3/4/2018,",",
